site,Reef.ID,pres.topa,pres.habili,secchi,flow,logged,coordx,coordy,CB_cover,n_pts,soft_cover,dist_to_logging_km
1,1,5,8,12,Strong,Not logged,436241.287673984,9163860.89820144,23,375,32,3.396808309454544
2,2,1,0,9.5,Strong,Logged,435632.544142236,9162877.25139489,174,375,5,2.440759335417923
3,3,6,3,10.2,Strong,Logged,429647.469734477,9164634.42710541,242,375,5,2.4322577259797677
4,4,0,0,4.7,Mild,Logged,429325.392249484,9161596.97380206,48,375,95,0.19551118975176657
5,5,0,0,5,Mild,Logged,439682.133886024,9162095.36823885,5,375,247,0.35855435693962967
6,6,3,2,10.8,Strong,Logged,437608.486563495,9163590.72965074,207,375,16,2.6890645249107847
